fetch_date,rank,rank_category,id,symbol,name,current_price,market_cap,total_volume,volume_market_cap_ratio,high_24h,low_24h,price_range_24h,price_change_percentage_24h,last_updated
2026-10-06,1,Top 10,bitcoin,btc,Bitcoin,85600.0,1720059354704,27268783594.0,0.015853396872279796,86648.0,85122.0,1526.0,-0.45048,2026-10-06T21:59:20.000Z
2026-10-06,2,Top 10,ethereum,eth,Ethereum,2697.66,329391581538,11155413793.0,0.03386672403985851,2723.16,2683.98,39.179999999999836,-0.82064,2026-10-06T21:59:20.000Z
2026-10-06,3,Top 10,tether,usdt,Tether,1.0,184088550659,51365397777.0,0.2790254885114919,1.0,0.999743,0.0002569999999999517,0.00156,2026-10-06T21:59:20.000Z
2026-10-06,4,Top 10,binancecoin,bnb,BNB,779.56,103797204099,653548603.0,0.006296398912408628,788.59,778.04,10.550000000000068,-0.99855,2026-10-06T21:59:20.000Z
2026-10-06,5,Top 10,ripple,xrp,XRP,1.5,94619950216,1534043568.0,0.016212686272800394,1.52,1.49,0.030000000000000027,-0.67708,2026-10-06T21:59:20.000Z
2026-10-06,6,Top 10,usd-coin,usdc,USDC,0.999973,74181919045,15991228030.0,0.2155677318121071,1.0,0.99972,0.00027999999999994696,-0.00249,2026-10-06T21:59:20.000Z
2026-10-06,7,Top 10,solana,sol,Solana,120.99,71185363959,2555524924.0,0.03589958359237838,121.91,119.0,2.9099999999999966,0.06655,2026-10-06T21:59:20.000Z
2026-10-06,8,Top 10,tron,trx,TRON,0.335707,31881755793,283644664.0,0.008896770486595264,0.336972,0.335132,0.0018400000000000083,-0.20347,2026-10-06T21:59:20.000Z
2026-10-06,9,Top 10,figure-heloc,figr_heloc,Figure Heloc,1.038,24435255272,45611351.0,0.001866620605853272,1.045,1.016,0.028999999999999915,-0.14271,2026-10-06T21:59:20.000Z
2026-10-06,10,Top 10,zcash,zec,Zcash,1344.58,22804871470,696345064.0,0.030534926053674444,1381.47,1319.31,62.16000000000008,-0.48916,2026-10-06T21:59:20.000Z
2026-10-06,11,Top 50,hyperliquid,hype,Hyperliquid,91.6,20374585235,980842998.0,0.04814051361963835,94.89,91.4,3.489999999999995,-3.28398,2026-10-06T21:59:20.000Z
2026-10-06,12,Top 50,dogecoin,doge,Dogecoin,0.093465,14597284980,702999513.0,0.04815960734911952,0.096305,0.093455,0.0028500000000000053,-2.51364,2026-10-06T21:59:20.000Z
2026-10-06,13,Top 50,monero,xmr,Monero,555.32,10447776780,113700323.0,0.0108827289665735,564.26,553.93,10.330000000000041,-0.75767,2026-10-06T21:59:20.000Z
2026-10-06,14,Top 50,chainlink,link,Chainlink,13.94,10424831886,266468222.0,0.025560913107659105,14.11,13.72,0.3899999999999988,-0.05954,2026-10-06T21:59:20.000Z
2026-10-06,15,Top 50,whitebit,wbt,WhiteBIT Coin,85.46,10151110456,71424148.0,0.007036092091558658,86.57,85.15,1.4199999999999875,-0.50977,2026-10-06T21:59:20.000Z
2026-10-06,16,Top 50,usds,usds,USDS,0.999835,10101569724,179849210.0,0.017804085396025328,1.0,0.999466,0.0005340000000000344,-0.0085,2026-10-06T21:59:20.000Z
2026-10-06,17,Top 50,cardano,ada,Cardano,0.268558,10080558470,700770755.0,0.06951705672711603,0.281737,0.265688,0.016049000000000035,-0.75232,2026-10-06T21:59:20.000Z
2026-10-06,18,Top 50,rain,rain,Rain,0.01155272,8193637248,10237042.0,0.0012493892138682097,0.01157831,0.01097279,0.00060552,0.9692,2026-10-06T21:59:20.000Z
2026-10-06,19,Top 50,leo-token,leo,LEO Token,8.9,8184456344,164428.0,2.0090277605371022e-05,8.95,8.89,0.05999999999999872,-0.15469,2026-10-06T21:59:20.000Z
2026-10-06,20,Top 50,stellar,xlm,Stellar,0.212566,7447563233,127137940.0,0.017071078958639033,0.216848,0.212439,0.004409000000000024,-1.60624,2026-10-06T21:59:20.000Z
2026-10-06,21,Top 50,near,near,NEAR Protocol,5.12,6701213456,758350794.0,0.11316618982208407,5.35,5.03,0.3199999999999994,-2.50611,2026-10-06T21:59:20.000Z
2026-10-06,22,Top 50,bitcoin-cash,bch,Bitcoin Cash,314.64,6322523519,127731423.0,0.020202601479638718,317.88,313.26,4.6200000000000045,-0.61203,2026-10-06T21:59:20.000Z
2026-10-06,23,Top 50,litecoin,ltc,Litecoin,69.01,5361080987,248493750.0,0.04635142625201308,70.58,68.96,1.6200000000000045,-1.81506,2026-10-06T21:59:20.000Z
2026-10-06,24,Top 50,uniswap,uni,Uniswap,8.55,5342928246,537523386.0,0.10060464248278433,9.1,8.58,0.5199999999999996,-6.67625,2026-10-06T21:59:20.000Z
2026-10-06,25,Top 50,avalanche-2,avax,Avalanche,11.54,5118163410,574678731.0,0.11228221628820562,11.68,11.05,0.629999999999999,4.6063,2026-10-06T21:59:20.000Z
2026-10-06,26,Top 50,canton-network,cc,Canton,0.126725,5040951149,13800514.0,0.002737680567036973,0.129805,0.125612,0.004193000000000002,-0.08958,2026-10-06T21:59:20.000Z
2026-10-06,27,Top 50,ethena-usde,usde,Ethena USDe,0.999776,4961248912,43598316.0,0.008787770332294104,0.999924,0.99945,0.00047400000000008546,0.00072,2026-10-06T21:59:20.000Z
2026-10-06,28,Top 50,sui,sui,Sui,1.18,4864236931,521637272.0,0.10723928118623957,1.22,1.18,0.040000000000000036,-3.56871,2026-10-06T21:59:20.000Z
2026-10-06,29,Top 50,dai,dai,Dai,0.999939,4578831503,171262465.0,0.03740309397447596,1.0,0.999685,0.0003149999999999542,-0.00844,2026-10-06T21:59:20.000Z
2026-10-06,30,Top 50,usd1-wlfi,usd1,USD1,0.999611,4435780376,597691795.0,0.1347433245869971,0.999759,0.999429,0.00032999999999994145,-0.01312,2026-10-06T21:59:20.000Z
2026-10-06,31,Top 50,hedera-hashgraph,hbar,Hedera,0.0998,4391262841,95122941.0,0.021661864580699554,0.102323,0.099764,0.002558999999999992,-2.49966,2026-10-06T21:59:20.000Z
2026-10-06,32,Top 50,the-open-network,gram,Gram (prev. Toncoin),1.53,4306020889,32119057.0,0.007459103852015707,1.57,1.51,0.06000000000000005,0.03569,2026-10-06T21:59:20.000Z
2026-10-06,33,Top 50,quant-network,qnt,Quant,262.2,3812104512,218808419.0,0.05739832638670322,268.93,252.78,16.150000000000006,1.40643,2026-10-06T21:59:20.000Z
2026-10-06,34,Top 50,bittensor,tao,Bittensor,303.6,3442605783,141300172.0,0.04104454035886339,308.48,298.66,9.819999999999993,-1.50764,2026-10-06T21:59:20.000Z
2026-10-06,35,Top 50,shiba-inu,shib,Shiba Inu,5.77e-06,3400840811,69054405.0,0.020305097720729512,5.92e-06,5.75e-06,1.7000000000000007e-07,-2.56062,2026-10-06T21:59:20.000Z
2026-10-06,36,Top 50,tether-gold,xaut,Tether Gold,4168.11,3371994473,222571493.0,0.06600588903159807,4180.89,4117.17,63.720000000000255,0.58043,2026-10-06T21:59:20.000Z
2026-10-06,37,Top 50,crypto-com-chain,cro,Cronos,0.066627,3300600177,7192533.0,0.0021791591269129354,0.069541,0.066159,0.00338200000000001,-3.57296,2026-10-06T21:59:20.000Z
2026-10-06,38,Top 50,bitway,btw,Bitway,1.21,3286633746,16249039.0,0.004943976194419566,1.24,1.1,0.1399999999999999,-2.17896,2026-10-06T21:59:20.000Z
2026-10-06,39,Top 50,ethena,ena,Ethena,0.239075,3203829345,354650134.0,0.11069570061635102,0.252832,0.234111,0.018720999999999988,-4.79961,2026-10-06T21:59:20.000Z
2026-10-06,40,Top 50,global-dollar,usdg,Global Dollar,1.0,3180405474,485977517.0,0.1528036349367697,1.0,0.999833,0.00016700000000002824,0.00707,2026-10-06T21:59:20.000Z
2026-10-06,41,Top 50,paypal-usd,pyusd,PayPal USD,0.999921,2906617138,81052569.0,0.027885533302735244,1.0,0.999696,0.00030399999999997096,-0.00092,2026-10-06T21:59:20.000Z
2026-10-06,42,Top 50,okb,okb,OKB,136.09,2858712857,103466205.0,0.036193283542503056,140.84,128.3,12.539999999999992,5.48467,2026-10-06T21:59:20.000Z
2026-10-06,43,Top 50,pump-fun,pump,Pump.fun,0.00615205,2854211290,223143777.0,0.07818053897474422,0.00649433,0.00611612,0.00037821000000000035,-5.15217,2026-10-06T21:59:20.000Z
2026-10-06,44,Top 50,aave,aave,Aave,180.8,2788872533,326967670.0,0.1172400911590892,187.41,179.18,8.22999999999999,-1.93159,2026-10-06T21:59:20.000Z
2026-10-06,45,Top 50,ripple-usd,rlusd,Ripple USD,0.999995,2497550413,178985083.0,0.07166425232834729,1.0,0.999843,0.00015699999999996272,-0.00172,2026-10-06T21:59:20.000Z
2026-10-06,46,Top 50,hashnote-usyc,usyc,Circle USYC,1.14,2403821598,0.0,0.0,1.14,1.14,0.0,0.00932,2026-10-06T21:59:20.000Z
2026-10-06,47,Top 50,memecore,m,MemeCore,1.052,2400614032,977524.0,0.00040719748654705854,1.052,0.984885,0.06711500000000004,3.02123,2026-10-06T21:59:20.000Z
2026-10-06,48,Top 50,ondo-finance,ondo,Ondo,0.491536,2393409967,168855680.0,0.070550253541248,0.51257,0.484634,0.02793599999999996,-1.37384,2026-10-06T21:59:20.000Z
2026-10-06,49,Top 50,ondo-us-dollar-yield,usdy,Ondo US Dollar Yield,1.15,2304702589,3305617.0,0.001434292223116863,1.15,1.15,0.0,-0.0638,2026-10-06T21:59:20.000Z
2026-10-06,50,Top 50,blackrock-usd-institutional-digital-liquidity-fund,buidl,BlackRock USD Institutional Digital Liquidity Fund,1.0,2263137424,0.0,0.0,1.0,1.0,0.0,0.0,2026-10-06T21:59:20.000Z
2026-10-06,51,Others,sky,sky,Sky,0.089788,2103549487,24879296.0,0.011827292941646873,0.090711,0.086567,0.004143999999999995,1.13226,2026-10-06T21:59:20.000Z
2026-10-06,52,Others,worldcoin-wld,wld,Worldcoin,0.549766,2089220725,180781851.0,0.08653075706014739,0.579377,0.548441,0.030936000000000075,-5.26798,2026-10-06T21:59:20.000Z
2026-10-06,53,Others,polkadot,dot,Polkadot,1.2,2049224560,154879837.0,0.07557972904638621,1.25,1.2,0.050000000000000044,-2.81046,2026-10-06T21:59:20.000Z
2026-10-06,54,Others,aster-2,aster,Aster,0.732152,1986780995,117974789.0,0.059379865871930185,0.754707,0.727861,0.026846000000000037,-1.13949,2026-10-06T21:59:20.000Z
2026-10-06,55,Others,mantle,mnt,Mantle,0.592811,1957233732,36023597.0,0.018405362839924732,0.653558,0.586221,0.06733699999999998,-9.15877,2026-10-06T21:59:20.000Z
2026-10-06,56,Others,internet-computer,icp,Internet Computer,3.38,1885004403,65875401.0,0.034947080704511226,3.6,3.38,0.2200000000000002,-5.66791,2026-10-06T21:59:20.000Z
2026-10-06,57,Others,morpho,morpho,Morpho,2.68,1878041840,23045249.0,0.012270892218247917,2.81,2.67,0.14000000000000012,-0.77167,2026-10-06T21:59:20.000Z
2026-10-06,58,Others,falcon-finance,usdf,Falcon USD,0.995992,1818947931,731734.0,0.000402284192707878,1.001,0.995287,0.005712999999999857,-0.00289,2026-10-06T21:59:20.000Z
2026-10-06,59,Others,pax-gold,paxg,PAX Gold,4172.13,1816719134,115337173.0,0.06348651854954261,4183.91,4126.36,57.55000000000018,0.536,2026-10-06T21:59:20.000Z
2026-10-06,60,Others,pepe,pepe,Pepe,4.27e-06,1794093729,192198836.0,0.1071286482379762,4.41e-06,4.25e-06,1.6000000000000016e-07,-3.83526,2026-10-06T21:59:20.000Z
2026-10-06,61,Others,world-liberty-financial,wlfi,World Liberty Financial,0.056417,1792530854,29486363.0,0.016449570691741074,0.056943,0.054452,0.002491,2.13663,2026-10-06T21:59:20.000Z
2026-10-06,62,Others,spiko-amundi-overnight-swap-fund-eur,eursafo,Spiko Amundi Overnight Swap Fund (EUR),1.14,1573699358,0.0,0.0,1.14,1.14,0.0,0.35706,2026-10-06T21:59:20.000Z
2026-10-06,63,Others,usdd,usdd,USDD,0.999375,1570821591,2531648.0,0.0016116712518500136,0.999944,0.997807,0.0021370000000000555,0.01393,2026-10-06T21:59:20.000Z
2026-10-06,64,Others,htx-dao,htx,HTX DAO,1.71e-06,1533334718,42835330.0,0.027936059555132307,1.72e-06,1.7e-06,2.000000000000002e-08,-0.60806,2026-10-06T21:59:20.000Z
2026-10-06,65,Others,united-stables,u,United Stables,0.999235,1532463234,102262605.0,0.06673087009929532,0.999412,0.998948,0.00046400000000001995,0.00338,2026-10-06T21:59:20.000Z
2026-10-06,66,Others,ethereum-classic,etc,Ethereum Classic,8.82,1399579417,57626063.0,0.04117384287025421,9.02,8.77,0.25,-2.02378,2026-10-06T21:59:20.000Z
2026-10-06,67,Others,bitget-token,bgb,Bitget Token,2.0,1399515914,7724199.0,0.005519193403041218,2.01,1.99,0.019999999999999796,-0.30637,2026-10-06T21:59:20.000Z
2026-10-06,68,Others,arbitrum,arb,Arbitrum,0.201247,1365756086,164660666.0,0.12056374318071317,0.208592,0.199493,0.009098999999999996,-4.50671,2026-10-06T21:59:20.000Z
2026-10-06,69,Others,bfusd,bfusd,BFUSD,0.99983,1319771931,5408005.0,0.004097681480392084,0.999923,0.998729,0.0011940000000000284,0.00152,2026-10-06T21:59:20.000Z
2026-10-06,70,Others,venice-token,vvv,Venice Token,27.22,1313811299,35365063.0,0.0269179166193181,29.26,27.01,2.25,-4.69448,2026-10-06T21:59:20.000Z
2026-10-06,71,Others,usdgo,usdgo,USDGO,0.999969,1305579724,21790102.0,0.01668998192867156,1.0,0.999828,0.00017199999999994997,0.00276,2026-10-06T21:59:20.000Z
2026-10-06,72,Others,kaspa,kas,Kaspa,0.04295384,1191631948,11582855.0,0.00972016151416578,0.04407008,0.04225711,0.001812969999999997,-1.89824,2026-10-06T21:59:20.000Z
2026-10-06,73,Others,gatechain-token,gt,Gate,11.23,1175555678,1924644.0,0.0016372206234199313,11.26,11.1,0.16000000000000014,0.85071,2026-10-06T21:59:20.000Z
2026-10-06,74,Others,jupiter-exchange-solana,jup,Jupiter,0.353688,1173715343,101220689.0,0.08623955510480193,0.359716,0.339349,0.02036699999999997,1.10307,2026-10-06T21:59:20.000Z
2026-10-06,75,Others,just,jst,JUST,0.140287,1148740138,30119317.0,0.026219434669044358,0.1412,0.135382,0.00581799999999999,2.94205,2026-10-06T21:59:20.000Z
2026-10-06,76,Others,polygon-ecosystem-token,pol,POL (ex-MATIC),0.107466,1141814451,68429400.0,0.05993040282514343,0.110985,0.106934,0.004050999999999999,-1.98202,2026-10-06T21:59:20.000Z
2026-10-06,77,Others,algorand,algo,Algorand,0.123478,1119174628,108716966.0,0.09714030615068589,0.128845,0.123179,0.0056659999999999905,-3.46702,2026-10-06T21:59:20.000Z
2026-10-06,78,Others,render-token,render,Render,2.12,1098961360,104626435.0,0.09520483504533772,2.2,2.02,0.18000000000000016,0.99569,2026-10-06T21:59:20.000Z
2026-10-06,79,Others,kucoin-shares,kcs,KuCoin,7.69,1074009918,5963930.0,0.005552956169255785,7.79,7.59,0.20000000000000018,1.26969,2026-10-06T21:59:20.000Z
2026-10-06,80,Others,blockchain-capital,bcap,Blockchain Capital,108.18,985748168,0.0,0.0,108.18,108.18,0.0,0.0,2026-10-06T21:59:20.000Z
2026-10-06,81,Others,pi-network,pi,Pi Network,0.087282,981333110,3254876.0,0.003316790157014064,0.088105,0.086767,0.0013380000000000059,-0.12619,2026-10-06T21:59:20.000Z
2026-10-06,82,Others,filecoin,fil,Filecoin,1.16,970772861,182414794.0,0.18790677132454364,1.21,1.14,0.07000000000000006,-2.48245,2026-10-06T21:59:20.000Z
2026-10-06,83,Others,cosmos,atom,Cosmos Hub,1.78,954035025,42650184.0,0.044705050529984476,1.82,1.78,0.040000000000000036,-2.45236,2026-10-06T21:59:20.000Z
2026-10-06,84,Others,lighter,lit,Lighter,3.77,941707124,88193793.0,0.09365310164097261,4.06,3.72,0.3399999999999994,-8.13146,2026-10-06T21:59:20.000Z
2026-10-06,85,Others,layerzero,zro,LayerZero,2.26,901615081,128175058.0,0.14216161719238146,2.29,2.05,0.2400000000000002,8.07925,2026-10-06T21:59:20.000Z
2026-10-06,86,Others,nexo,nexo,NEXO,0.853244,853307321,4377845.0,0.0051304435017263846,0.860366,0.844353,0.016012999999999944,0.37453,2026-10-06T21:59:20.000Z
2026-10-06,87,Others,midnight-3,night,Midnight,0.04951386,822156638,30288761.0,0.03684062087448597,0.052479,0.04810378,0.004375219999999999,-1.64948,2026-10-06T21:59:20.000Z
2026-10-06,88,Others,injective-protocol,inj,Injective,8.21,820509272,121667886.0,0.1482833773510362,8.2,7.51,0.6899999999999995,7.44401,2026-10-06T21:59:20.000Z
2026-10-06,89,Others,aerodrome-finance,aero,Aerodrome Finance,0.810555,810480856,50973461.0,0.06289286245645757,0.858773,0.796797,0.06197600000000003,-4.56801,2026-10-06T21:59:20.000Z
2026-10-06,90,Others,pancakeswap-token,cake,PancakeSwap,2.37,755231524,56591242.0,0.0749323091020761,2.47,2.38,0.0900000000000003,-4.06036,2026-10-06T21:59:20.000Z
2026-10-06,91,Others,stable-2,stable,​​Stable,0.0278963,752729505,10425022.0,0.013849625836043189,0.02843319,0.02728421,0.0011489800000000008,2.4272,2026-10-06T21:59:20.000Z
2026-10-06,92,Others,superstate-short-duration-us-government-securities-fund-ustb,ustb,Invesco Short Duration US Government Securities Fund,11.24,748507052,0.0,0.0,11.24,11.23,0.009999999999999787,0.0295,2026-10-06T21:59:20.000Z
2026-10-06,93,Others,ether-fi,ethfi,Ether.fi,0.774228,747194815,60567980.0,0.08106049290505316,0.799652,0.720972,0.07868000000000008,2.86509,2026-10-06T21:59:20.000Z
2026-10-06,94,Others,vechain,vet,VeChain,0.00860285,739358039,6581449.0,0.008901572246244285,0.00886912,0.00858615,0.0002829699999999987,-2.1706,2026-10-06T21:59:20.000Z
2026-10-06,95,Others,aptos,apt,Aptos,0.832178,725028810,86856500.0,0.11979730846833521,0.855497,0.810858,0.044638999999999984,-2.67899,2026-10-06T21:59:20.000Z
2026-10-06,96,Others,dash,dash,Dash,55.81,717293601,87110908.0,0.1214438660522778,58.44,55.9,2.539999999999999,-5.6177,2026-10-06T21:59:20.000Z
2026-10-06,97,Others,blockstack,stx,Stacks,0.380606,713069243,17417087.0,0.024425519921071677,0.384534,0.371946,0.012587999999999988,0.9574,2026-10-06T21:59:20.000Z
2026-10-06,98,Others,open-usd,ousd,Open USD,1.001,710819719,7976.57,1.1221649859716398e-05,1.001,0.999019,0.0019809999999998995,0.11232,2026-10-06T21:59:20.000Z
2026-10-06,99,Others,gho,gho,GHO,0.999341,698537286,3540949.0,0.005069090900324539,0.999549,0.99917,0.0003790000000000182,-0.01946,2026-10-06T21:59:20.000Z
2026-10-06,100,Others,xdce-crowd-sale,xdc,XDC Network,0.03363528,671111774,16994998.0,0.025323647503165396,0.03500994,0.03275273,0.0022572100000000025,2.28266,2026-10-06T21:59:20.000Z
